v4k=,v4n3BOE=,2750486
von3DqSQ,von3D92P,1679233
wIk=,wImtEgHrI11gkU6AgAD/AP8A/wD/ESceAAE=,194554
wYn2rPgBLOU=,wYn2sPgBIp4=,239101
wYn20PfQ/g==,wYn21PfG1Q==,223455
wYmZ98hL,wYmf9xo/,329119
wYn3AQ34AQSd,wYn3ARD3GxE=,140219
wYn3ASP4AVfI,wYn3ASf4AUkA,237736
wYn29Pd1Fw==,wYn2+Pdq9g==,232894
wYn3AWP3azo=,wYn3AWf3XHo=,222643
wYn3ATf4AQ4D,wYn3AT33Uxo=,320986
wYn3AXP3L/Y=,wYn3AXf3ISY=,234139
wYn3AYb4AWyi,wYn3AYz3sf4=,319882
wYn3Aa732R0=,wYn3AbL3ymk=,231533
wYn3AZL4AUBo,wYn3AZb4ATGv,238660
wYn3Abr3rMg=,wYn3Ab73nfo=,227689
wYn3Aen4AYHW,wYn3Ae34AXMR,225087
wYn3AfX4AVVr,wYn3Afn4AUay,233631
wYn3AlT4AXlL,wYn3Alj4AWqE,229893
wYn3Acb3gGM=,wYn3Acr3cZs=,233754
wYn3AqD3YGg=,wYn3AqT3UaA=,227668
wYn3Ao34AYT3,wYn3ApD3m70=,139764
wYn3ArD3JVs=,wYn3ArT3FpE=,231175
wYn3Ahn30H4=,wYn3Ah33wbQ=,232433
wYn3AtP4ASce,wYn3Atf4ARhb,232309
wYn3At/3+ts=,wYn3AuP37BQ=,227592
wYn3AvP3sP8=,wYn3Avf3ojo=,224588
wYn3Avv3k3w=,wYn3Av/3hLY=,234329
wYn3AwP3dds=,wYn3Awf3Zxw=,231566
wYn3Awv3WFc=,wYn3Aw/3SYs=,230868
wYn3Ax/3DkE=,wYn3AyL4AYYB,221432
wYn3Ay74AVnw,wYn3AzL4AUs4,229509
wYn3A0D3cuM=,wYn3A0T4AXuU,279096
wYn3A1L4ASGL,wYn3A1b4ARLU,237587
wYn3A3P4AYW7,wYn3A3f4AXb0,235051
wYn3A0r4AT8k,wYn3A1D3hDU=,316678
wYn3A3r3jdQ=,wYn3A373fvs=,230230
wYn3A6f3xa4=,wYn3A6v3tuk=,225990
wYn3A4b3YWA=,wYn3A4r3Uow=,233747
wYn3A7H4AUVs,wYn3A7f3ipk=,320668
wYn3A8H4AQpe,wYn3A8f3T3E=,325041
wYn3A7n4ASfo,wYn3A734ARkm,230478
wYn3A8v3QKs=,wYn3A8/3Mds=,232753
wYn3BBD4AWmj,wYn3BBT4AVry,229797
wYn3BBj4AUwy,wYn3BB73kVw=,319143
wYn3BAH3HiE=,wYn3BAX3D1E=,233497
wYn3A+L4AW63,wYn3A+X3hYA=,141972
wYn3BpD3K7Y=,wYn3BpT3HQo=,222826
wYn3BqH3y1w=,wYn3BqP4AWh+,133643
wYn3Bqv4AUr/,wYn3Bq/4ATw7,227553
wYn3Bt/3ix0=,wYn3BuT4AVbY,326885
wYn3Brf4AR64,wYn3Brv4ARAG,233338
wYn3Bsv31P8=,wYn3BtH3Ge8=,316049
wYn3Buz4ATlf,wYn3Bu/3T/4=,139701
wYn3BvT4ARvh,wYn3Bvj4AQ0S,227021
wYn3Bxb4AUMZ,wYn3Bxz3iDM=,315829
wYn3B0b3kbg=,wYn3B0r3gvI=,232274
wYn3CAD36Ew=,wYn3CAb3LVA=,319561
wYn3CAz3vCE=,wYn3CBD3rUg=,231949
wYn3Bzr3vjw=,wYn3B0D3AzI=,319448
wYn3CDX4AQMS,wYn3CDj3GYc=,139923
wYn3CBT3nqI=,wYn3CBj3j9Y=,227138
wYn3CCT3Y4E=,wYn3CCj3VMI=,235590
wYn3CEP4AXPa,wYn3CEf4AWUZ,222962
wYn3CFP4ATjx,wYn3CFn3fgU=,319764
wYn3CJP3TJU=,wYn3CJf3Pbw=,226213
wYn3CIv3aiQ=,wYn3CI/3W1s=,222553
wYn3CLD3v7Y=,wYn3CLT3sOM=,226027
wYn3CMb4ARMb,wYn3CMz3WCo=,318348
wYn3CFv4ARtu,wYn3CF/4AQy4,236568
wYn3CM739aM=,wYn3CNL35vA=,223940
wYn3CO/4AVnd,wYn3CPL3cI0=,145889
wYn3CR34AVRL,wYn3CSH4AUWA,226350
wYn3CP73RDk=,wYn3CQL3NWk=,225664
wYn3CQr3F8U=,wYn3CQ73CO8=,233985
wYn3CVr4AVEN,wYn3CV33Z8Q=,140017
wYn3CYD4AWmN,wYn3CYT4AVrZ,235004
wYn3CWn3O3w=,wYn3CW74AQdx,318902
wYn3CYj4AUwS,wYn3CYz4AT1d,225908
wYn3CU33owE=,wYn3CVL4AW6b,312942
wYn3CZr3ZM8=,wYn3CZz4AQJC,141832
wYn3Cb34AWZX,wYn3CcD3fQ8=,136168
wYn3CbD3uC4=,wYn3CbT3qWY=,226804
wYn3CaD3840=,wYn3CaT35LA=,235146
wYn3Cdn3kNE=,wYn3Cd33ggY=,227390
wYn3Cgb3yL4=,wYn3Cgj4AWXo,140753
wYn3CfL4ARLH,wYn3Cfb4AQQN,238400
wYn3CjD30o8=,wYn3CjT3w7w=,228631
wYn3Ckn4AVRp,wYn3Ckz3axI=,139825
wYn3Cmj3A7A=,wYn3Cmn33nA=,90824
wYn3CeH3czk=,wYn3Ceb4AT7+,315151
wYn3CiT3/so=,wYn3Cir3Q8M=,328405
wYn3CnP4AV4b,wYn3Cnf4AU9S,232248
wYn3Cp/3u8Q=,wYn3CqP3rQ4=,235181
wYn3Cof4ARRr,wYn3Cov4AQWv,231507
wYn3Cn/4ATHa,wYn3CoP4ASMj,227313
wYn3Csf3J88=,wYn3Csz387Q=,319239
wYn3CuL4AUch,wYn3Cuj3jEw=,310722
wYn3Cu74ARsC,wYn3CvT3YBE=,321162
wYn3Crf3Yvg=,wYn3Crv3VBs=,223097
wYn3Cvr37sk=,wYn3Cv734AA=,229811
wYn3Cxr3eI8=,wYn3Cx73abQ=,228661
wYn3Cwb3wnI=,wYn3Cwr3s7k=,234348
wYn3Cy73Lr4=,wYn3CzL3H+8=,234435
wYn3C0H4AWtq,wYn3C0X4AVyl,224266
wYn3C0/3kww=,wYn3C1H4ATBl,144200
wYn3Czr3Ak0=,wYn3Cz34AXog,224655
wYn3C233yQ8=,wYn3C3P3Dfs=,326320
wYn3C5b4AQ/e,wYn3C5n3Jlc=,134934
wYn3C4H3fxQ=,wYn3C4X3cEE=,231414
wYn3C6H3CLw=,wYn3C6L3448=,93284
wYn3C7j4ATbI,wYn3C7z4ASgc,236529
wYn3C6j4AXHi,wYn3C6z4AWMY,244137
wYn3DAH4AQfU,wYn3DAT3Hkg=,131772
wYn3DCX3guA=,wYn3DCf4ASA7,142280
wYn3DEP3uO4=,wYn3DEf3qiw=,237024
wYn3C+T3lIU=,wYn3C+j3hcg=,234842
wYn3C8T4AQqu,wYn3C8j3+/k=,225322
wYn3DEv3m1I=,wYn3DE/3jJI=,226454
wYn3DGv3JR4=,wYn3DG/3FmY=,239089
wYn3DIj3mIM=,wYn3DIr4ATXN,138360
wYn3DFf3bwM=,wYn3DFv3YD8=,231709
wYn3DHj3054=,wYn3DHr4AXC2,140827
wYn3DJj3XVg=,wYn3DJr3+tg=,143610
wYn3DLv4AV7u,wYn3DL73daY=,143789
wYn3DNb3HLM=,wYn3DNr3Dbw=,233099
wYn3DK73sLo=,wYn3DLL3oeg=,236043
wYn3DN34AYWb,wYn3DOH4AXbV,231403
wYn3DOX4AWge,wYn3DOn4AVlW,229063
wYn3DP/3Y3s=,wYn3DQH4AQD4,142353
wYn3DPH4ATvP,wYn3DPX4AS0b,233342
wYn3EF/4AYYm,wYn3EGP4AXeF,229701
wYn3EHP4ATyA,wYn3EHf4AS3W,223345
wYn3EIP4AQFs,wYn3EIf38nQ=,225742
wYn3EJ/3maU=,wYn3EKP3itM=,232836
wYn3EJP3xf0=,wYn3EJf3tzU=,231346
wYn3EIv346Y=,wYn3EI/31Mg=,227853
wYn3ELP3T58=,wYn3ELf3QNg=,236119
wYn3ELv3Mf8=,wYn3EL/3IxY=,231760
wYn3EM74AW57,wYn3ENL4AV/H,227128
wYn3ER73Rv0=,wYn3ESL3OFY=,230564
wYn3EQr3kQM=,wYn3EQ73gjE=,233532
wYn3ETH4AYOb,wYn3ETX4AXTE,223751
wYn3ETn4AWYE,wYn3ET34AVco,224289
wYn3EUn4ASrY,wYn3EU34ARwc,231011
wYn3ENb4AVD/,wYn3ENr4AUI9,227208
wYn3EW33pc0=,wYn3EXH3lvg=,229926
wYn3EWH30j8=,wYn3EWX3w3A=,234528
wYn3EYH3W6o=,wYn3EYX3TNs=,228879
wYn3EZz4AXqm,wYn3EaD4AWvb,226169
wYn3EXn3eU8=,wYn3EX33aoY=,235148
wYn3EcT35r0=,wYn3Ecj31/8=,226248
wYn3EZH3IHU=,wYn3EZX3EaM=,223313
wYn3Ecz3yUE=,wYn3EdD3umA=,231034
wYn3Edj3nNs=,wYn3Edz3jhw=,237269
wYn3Ebj4ARNH,wYn3Ebz4AQR/,235442
wYn3EeT3cIY=,wYn3Eej3YcE=,226397
wYn3Eez3Uvw=,wYn3EfD3RCQ=,233351
wYn3Efz3F9k=,wYn3EgD3CRs=,232011
wYn3Egf4AXIt,wYn3Egv4AWNf,235899
wYn3EhP4AUXe,wYn3Ehf4ATcf,228336
wYn3Ei/33qc=,wYn3EjP3z9I=,230363
wYn3EkP3lHY=,wYn3Ekf3hYY=,230066
wYn3Ek/3aCc=,wYn3ElP3WWY=,230319
wYn3Elf3Soc=,wYn3Elv3O6w=,225220
wYn3Enb4AVsM,wYn3Enr4AUxB,232156
wYn3Eq73i/o=,wYn3ErL3fUA=,234211
wYn3Eor4ARFX,wYn3Eo74AQKC,239250
wYn3Err3X68=,wYn3Er73UPE=,234519
wYn3Esr3JHU=,wYn3Es73FbE=,226070
wYn3Epb35NY=,wYn3Epr31e4=,232560
wYn3Eu34ASZQ,wYn3EvH4AReU,231808
wYn3EvX4AQjR,wYn3Evn3+g8=,230584
wYn3ExH3oSI=,wYn3ExX3kko=,228970
wYn3Exn3g3w=,wYn3Ex33dMA=,227789
wYn3E2D4AQCM,wYn3E2T38cM=,227161
wYn3EzX3HDg=,wYn3Ezn3DX8=,224031
wYn3E0z4AUpA,wYn3E1D4ATuC,224063
wYn3E3T3tqo=,wYn3E3j3p9w=,236473
wYn3E3z3mR4=,wYn3E4D3il8=,229734
w4n3A0mShvk3jw==,w4n3A0+Qhv1vkw==,303353
w4n3A2mShvRlig==,w4n3A2+QhvlViQ==,326184
w4n3A6SLhv3qjQ==,w4n3A6eMhvrflA==,176031
wok=,won3AY2L9wkq,828879
w4n3A7iRhvvakg==,w4n3A8GNhvwTjQ==,478323
w4n3A/mJhv2cjg==,w4n3BAGPhx2N,481378
w4n3BCSQhvhPkQ==,w4n3BCqOhv0plA==,323360
w4n3BDCNhvXWjQ==,w4n3BDONhv3Oig==,174284
won3BoKP9wqN,won3CcSJ9wg1,1739102
w4n3BE2PhvStjw==,w4n3BFONhvmZjg==,320497
w4n3BHCPhvknjw==,w4n3BHOQhvXDig==,171554
w4n3BI2Rhvirlg==,w4n3BJCShvVMjw==,163891
w4n3BOiOhvaqjA==,w4n3BO6Mhvp+iQ==,320949
w4n3BPyQh2SN,w4n3BP+RhvyBig==,170334
w4n3BQiNhv2gjg==,w4n3BQ6Mhvbxlg==,328505
w4n3BReLhvdQiw==,w4n3BR+Rhvilkg==,453851
w4n3BMiLhvi7kw==,w4n3BM6Jhv1Sjg==,318291
w4n3BSuOhvXvjQ==,w4n3BTGMhvp9jw==,332390
w4n3BUiQhvbelA==,w4n3BUuQhwGT,168285
w4n3BWiShv7jjQ==,w4n3BWuQhvu1jA==,160984
w4n3BpmQhvfvkg==,w4n3BpyQh9+K,161006
w4n3A8qMhv2Wig==,w4n3A9KShv2+kw==,492087
w4n3Bz2Lhvkkjw==,w4n3B0aKhvqfjQ==,492572
w4n3Bt2Jhvngiw==,w4n3BuKRhv4XkA==,327939
w4n3B2aKhvZ9kQ==,w4n3B2mKhv7zkA==,164393
w4n3BwiPh3uK,w4n3Bw6OhvjwlA==,342035
w4n3B3ePhvktig==,w4n3B32Nhv5PjA==,318543
w4n3B4mKhvvVkg==,w4n3B4+JhvSvkA==,319681
w4n3B9WJhv1OiQ==,w4n3B9iKhvoljA==,171386
w4n3B/WMhvpoiQ==,w4n3B/2Shvp1jg==,456938
w4n3CA+Nhv2iiQ==,w4n3CBWMhvfGig==,320232
w4n3CBiNhvSlig==,w4n3CCGJhvVNjQ==,488859
w4n3CFuMh4iJ,w4n3CGGLhvgIjg==,331849
w4n3CHWRhveYjA==,w4n3CHuPhvszjA==,316087
w4n3CJOJhvcDkQ==,w4n3CJiRhvuCiw==,313314
w4n3B1SOh06J,w4n3B1qNhvjTig==,336366
w4n3CL6PhvvdjQ==,w4n3CMGQhvfhiQ==,173427
w4n3CJ6QhvTpkQ==,w4n3CKeMhvZUiw==,475820
w4n3B6OOh6qQ,w4n3B6mNhvlLjg==,326331
w4n3Cc+Mhv0jlw==,w4n3CdKNhvmQiw==,177066
w4n3DQmShvp9iw==,w4n3DRCQhvYlkA==,378779
w4n3DZyRhvs9iw==,w4n3DaKPh4aN,328990
w4n3DcuOhvrxiQ==,w4n3DdGMh+uR,311106
w4n3DW6Khvklkg==,w4n3DXOShv1Djg==,312247
w4n3DiyJhvzlkA==,w4n3DjGRh8mN,323646
w4n3DeKShvfqjg==,w4n3DeiQhvzekA==,317149
w4n3De6PhvWujw==,w4n3DfSNhvtikQ==,315349
w4n3DoaNhvcYig==,w4n3DomNhyWN,172134
w4n3DleQhvUpjg==,w4n3DlqQhvzojQ==,175791
w4n3DtuLhvvYjw==,w4n3Dt6Jhvfeig==,156356
w4n3DuORhv06kA==,w4n3DumQhvdbiw==,328114
w4n3DqCRhvloiQ==,w4n3DqaPhv4HlA==,326417
w4n3DwGJhv0fjg==,w4n3DwaShvdoig==,328301
w4n3DkCMhvmJkA==,w4n3DkaKhv3Vig==,314506
w4n3D02JhvW0jA==,w4n3D1CJhv58iw==,160959
w4n3D1iPhv4Zkw==,w4n3D16OhvcYjw==,327096
w4n3DzWPhvm5iw==,w4n3DziQhvaikg==,171737
w4n3D5aKhvsNjg==,w4n3D5uShwyQ,324264
w4n3D3uQhvaWig==,w4n3D4GOhvr9iQ==,322291
w4n3Dw+Rhvk+jA==,w4n3DxiNhvlGjQ==,476540
w4n3D/mNhvq6ig==,w4n3D/yLhvbcig==,153007
w4n3EA2Qhvmaiw==,w4n3EBaPhvpFjQ==,484807
w4n3D+eShvgOjg==,w4n3D+2Qhv0fjw==,325170
w4n3EFWKhvULkg==,w4n3EFqShvpfkg==,321212
w4n3D6SPhvWbkA==,w4n3D6qNhvrliw==,329968
w4n3EJWMhvediw==,w4n3EJ2ShvlBjA==,464003
w4n3EGyNhvuzjA==,w4n3EG+Lhvdqlg==,155819
w4n3EKGJhvVjjA==,w4n3EKaRhvm+ig==,324581
w4n3ENuNhvXmlA==,w4n3EOGLhvr8jA==,327274
w4n3EL6LhvZijA==,w4n3EMSJhvqskA==,321524
xIn3EyKOhvh3,xIn3E4OKhv0q,407147
xIn3B3uMhvf5,xIn3CDyPhvW+,812849
xIr3Bu2N9wImhvnX,xIr3By2N9wf4hvne,265797
w4n3EC2Sh86N,w4n3EDORhvmEiQ==,327836
xYmxifcFtA==,xYm7j/bh,236995
xYn3AdKR9wmj,xYn3AdqN9wji,167628
xIr3COqS9wVqhvb9,xIr3CWuJ9wVmhvhR,526523
xYn3A0eK9wp2,xYn3A0uR9wbh,109268
xYn3AfGL9wdT,xYn3AfiR9wbM,168273
xYn3A5OK9wT9,xYn3A5eR9wFG,102584
xYn3A2KP9wU3,xYn3A2qL9wRh,169025
xYn3A7aK9wr/,xYn3A8CQ9wHu,230989
xYn3A8yS9wlC,xYn3A9SO9wk2,174616
xIr3Du2O9wGShvzO,xIr3D22P9wGMhviX,529684
xYn3A+6L9wq+,xYn3A/KS9wa3,100684
xYn3A9yK9wij,xYn3A+OQ9wgA,168234
xYn3A/qO9wZA,xYn3BAKK9wXg,171742
xYn3BCiK9wO6,xYn3BC+Q9wMc,172271
xYn3BF2Myg==,xYn3BGSSjA==,168765
xYn3BE6K9wFL,xYn3BFiP9wPJ,232564
xYn3BG+N9wKG,xYn3BHuP9wn4,265444
xYn3BIqR9whe,xYn3BJKN9wgJ,166895
xYn3BKmL9wZb,xYn3BLCR9wXn,170146
xYn3BMCJ9wUQ,xYn3BMqO9weD,239568
xYn3BN6N9wJw,xYn3BOaJ9wIC,171010
xYn3BkuJ9wPN,xYn3BlKP9wNc,166122
xYn3BmmN9wHI,xYn3BnGJ9wFI,166971
xYn3BhGK9wqM,xYn3BhiQ9wop,167410
xYn3BnuO9wP7,xYn3BoCL1A==,109779
xYn3BiWJ9wWZ,xYn3BiyP9wVP,168873
xYn3ByyQ9wFJ,xYn3BzSM9tY=,172845
xYn3B62R9wRc,xYn3B7CQ9wfI,65084
xYn3B4eR9wbc,xYn3B4+N9wZt,165883
xYn3CHqS9wJj,xYn3CH2R9wWh,59164
xYn3CGuQ9wOi,xYn3CHOM9wLg,165360
xYn3CJGQ9us=,xYn3CJmM9qY=,167566
xYn3CMaR9wk3,xYn3CNGNpA==,237853
xYn3B9uN9rU=,xYn3B+WS9wN4,229720
xYn3CPyJ9wTB,xYn3CQOP9wRH,166832
xYn3CQuL9wPV,xYn3CQ6K9wcq,63634
xYn3CTGL9wFe,xYn3CTiR9s4=,166956
xYn3CUqS9wLx,xYn3CVKO9wJy,164550
xYn3CVeK9wqR,xYn3CV6Q9wpK,171980
xYn3CYSQ9whW,xYn3CYyM9wgI,168976
xYn3CaqQ9wYw,xYn3CbWL9wjH,228738
xYn3DXKP9pM=,xYn3DXqLyg==,170153
xYn3DaCK9woB,xYn3DaeQ9wlO,170319
xYn3DouP9wV+,xYn3DpOL9wTC,166418
xYn3DwWK9wk9,xYn3DwyQ9wiq,170541
xYn3EDWJ9wEK,xYn3EDyP9pk=,167690
xYn3EIaM9waq,xYn3EI2S9wZC,170488
xYn3EFiQ9wph,xYn3EGOM9wE8,231793
xYn3EKyM9wRA,xYn3ELOS9wOQ,167901
xYn3ENKM9wFD,xYn3ENmS9sc=,168440
xYn3EQKR9wJO,xYn3EQqN9wG4,164598
xYn3ESWR9wed,xYn3ES2N9wcP,173268
xYn3EUSL9wTs,xYn3EUuR9wRC,166776
xYn3EZOK9wKE,xYn3EZqQ9wI0,173918
xYn3EZ+M9wn9,xYn3EaaS9wmH,172956
xYn3EW2K9wVi,xYn3EXSQ9wS3,171860
xYn3EdeN9woK,xYn3EdyK9wY1,103151
xYn3EbaK9whl,xYn3EcCP9wti,229233
xYn3EeuM9wUE,xYn3EfKS9wRV,165699
xYn3EfqO9wPF,xYn3EgKK9wOD,166675
xYn3EiCO9wGQ,xYn3EiiK9uw=,174425
xYn3EgmQ9wLa,xYn3EhGM9wJm,170129
xYn3EviK9wKg,xYn3EvyQ9wqm,104996
xYn3EoqR9wbx,xYn3EpKN9wZE,165355
xYn3EwSM9won,xYn3EwuS9wn4,170165
xYn3ExuK9wmn,xYn3EyKQ9wkA,170161
xYn3EzmO9wfC,xYn3E0GK9wb6,170545
xYn3E0iQ9wbD,xYn3E1CM9wZN,167066
v4n3BOE=,v4n3CcM=,2757791
xYn3Es+L9wIm,xYn3EtaR9wFe,169190
xYn3E2KN9whc,xYn3E26Q9wSm,268765
wYn3ARD3GxE=,wYn3ART3DEU=,230160
wYn3AWf3XHo=,wYn3AWv3TYc=,223237
wYn3AYz3sf4=,wYn3AY74AU81,133603
wYn2+Pdq9g==,wYn2/PdgtQ==,233016
wYn3Ae34AXMR,wYn3AfH4AWRI,225313
wYn3ApD3m70=,wYn3ApT3jO4=,236791
wYn3Ab73nfo=,wYn3AcL3jzE=,227517
wYn3AyL4AYYB,wYn3Ayb4AXdT,237328
wYn3A1b4ARLU,wYn3A1z3V9s=,328995
wYn3A8/3Mds=,wYn3A9H3z0k=,146936
wYn3BuT4AVbY,wYn3Buj4AUgU,234129
wYn3BpT3HQo=,wYn3Bpn36Og=,318071
wYn3Bvj4AQ0S,wYn3Bvv3I40=,140419
wYn3A6v3tuk=,wYn3A6/3qAo=,229623
wYn3CBj3j9Y=,wYn3CB34AVuE,318902
wYn3CEf4AWUZ,wYn3CEv4AVZn,226799
wYn3B0D3AzI=,wYn3B0P4AXrz,227302
wYn3B0r3gvI=,wYn3B0/4AU60,321962
wYn3CLT3sOM=,wYn3CLb4AU4m,143678
wYn3CNL35vA=,wYn3CNb32CU=,234725
wYn3CV33Z8Q=,wYn3CWH3WQE=,227526
wYn3CF/4AQy4,wYn3CGP3/eA=,227939
wYn3CYz4AT1d,wYn3CZD4AS6W,230990
wYn3Cfb4AQQN,wYn3Cfn3Gm8=,137870
wYn3CVL4AW6b,wYn3CVX3hWc=,141874
wYn3CjT3w7w=,wYn3Cjj3tPA=,238083
wYn3Ckz3axI=,wYn3Ck34AUWZ,92795
wYn3CcD3fQ8=,wYn3CcP4AYag,219703
wYn3Cmn33nA=,wYn3Cm33z64=,232292
wYn3CvT3YBE=,wYn3Cvb3/X8=,146893
wYn3CqP3rQ4=,wYn3Cqf3njc=,219096
wYn3Cx73abQ=,wYn3CyL3Wu8=,226213
wYn3Cwr3s7k=,wYn3Cw73pP8=,239012
wYn3DAT3Hkg=,wYn3DAn36kY=,319153
wYn3DCf4ASA7,wYn3DC33ZTU=,323028
wYn3C7z4ASgc,wYn3C8D4ARls,230689
wYn3C+j3hcg=,wYn3C+z3dw4=,230460
wYn3DHr4AXC2,wYn3DH74AWHx,227743
wYn3C8j3+/k=,wYn3C8z37T4=,228037
wYn3DOn4AVlW,wYn3DO34AUql,235016
wYn3DLL3oeg=,wYn3DLb3ky8=,242760
wYn3DJr3+tg=,wYn3DJ736/8=,235125
wYn3EGP4AXeF,wYn3EGf4AWi7,235301
wYn3EKP3itM=,wYn3EKf3fA4=,230618
wYn3EJf3tzU=,wYn3EJv3qH4=,229405
wYn3EL/3IxY=,wYn3EMP3FEE=,228713
wYn3ESL3OFY=,wYn3ESb3KX0=,238619
wYn3ET34AVco,wYn3EUH4AUhT,240576
wYn3EaD4AWvb,wYn3EaT4AV0b,227282
wYn3EYX3TNs=,wYn3EYn3Phg=,224684
wYn3Egv4AWNf,wYn3Eg/4AVSs,236944
wYn3ENr4AUI9,wYn3EN74ATOC,232490
wYn3ErL3fUA=,wYn3Erb3bno=,231585
wYn3EjP3z9I=,wYn3Ejf3wPM=,224705
wYn3Es73FbE=,wYn3EtL3Bug=,239119
wYn3Enr4AUxB,wYn3En74AT2L,222194
wYn3Evn3+g8=,wYn3Ev336zo=,231407
wYn3Ezn3DX8=,wYn3Ezz4AYU/,232991
w4n3BAGPhx2N,w4n3BASQhvu2jQ==,175740
w4n3BFONhvmZjg==,w4n3BFaOhvYqjg==,167740
wYn3E4D3il8=,wYn3E4T3e4s=,232311
w4n3BO6Mhvp+iQ==,w4n3BPSKhv7vjw==,307474
w4n3BR+Rhvilkg==,w4n3BSWPhvz2kw==,316512
w4n3BJCShvVMjw==,w4n3BJmOhvabiw==,491527
w4n3B2mKhv7zkA==,w4n3B2+Jhvg0jQ==,332711
w4n3BpyQh9+K,w4n3BqKPhvgKiw==,322191
w4n3B4+JhvSvkA==,w4n3B5eShva2iw==,493030
w4n3Bw6OhvjwlA==,w4n3BxSMhvzokQ==,314032
w4n3A8GNhvwTjQ==,w4n3A8eMhvUPkA==,319337
w4n3B9iKhvoljA==,w4n3B+CQhvv/kA==,473363
w4n3CGGLhvgIjg==,w4n3CGeJhvzhjw==,318775
w4n3CHuPhvszjA==,w4n3CISLhvymjQ==,466838
w4n3DRCQhvYlkA==,w4n3DROQhv5XkQ==,163148
w4n3DdGMh+uR,w4n3DdSNhvzIlA==,170711
w4n3B1qNhvjTig==,w4n3B12OhvTxkA==,166726
w4n3DjGRh8mN,w4n3DjqNh7mN,466868
w4n3DumQhvdbiw==,w4n3DuyQhv7tkg==,169587
w4n3DlqQhvzojQ==,w4n3DmCPhvWqlg==,321523
w4n3D16OhvcYjw==,w4n3D2SMhvsgiQ==,327034
w4n3B6mNhvlLjg==,w4n3B6+Lhv36lA==,329361
w4n3DziQhvaikg==,w4n3Dz6Ohvtkiw==,328212
w4n3DxiNhvlGjQ==,w4n3Dx6LhvxilQ==,325412
xIn3CDyPhvW+,xIn3CJ2Lhvp9,406246
w4n3D6qNhvrliw==,w4n3D7CLhv7xkA==,323021
xYn3AfiR9wbM,xYn3AgCN9wZr,167471
xIr3CWuJ9wVmhvhR,xIr3CgSJ9wXjhvbq,629726
xYn3BAKK9wXg,xYn3BAmQ9wU5,165351
xYn3BC+Q9wMc,xYn3BDeM9wKa,164849
xYn3BHuP9wn4,xYn3BIOL9wkv,162165
xYn3BlKP9wNc,xYn3BlqL9wK5,173571
xYn3BiyP9wVP,xYn3BjSL9wUN,166479
xYn3BLCR9wXn,xYn3BLiN9wWU,168429
xYn3BzSM9tY=,xYn3BzuS9nQ=,165249
xYn3CH2R9wWh,xYn3CIqK9wFi,275350
w4n3EDORhvmEiQ==,w4n3EDmPhv2kiQ==,331653
xYn3CQ6K9wcq,xYn3CRqN9wKV,266294
xYn3CTiR9s4=,xYn3CUOM9wO4,237406
xYn3CV6Q9wpK,xYn3CWaM9wmz,164492
xYn3B7CQ9wfI,xYn3B72J9wMR,269146
xYn3B+WS9wN4,xYn3B/KK9wrH,269246
xYn3EGOM9wE8,xYn3EGeS9wjz,101990
xYn3EXSQ9wS3,xYn3EXmN9ug=,101218
xYn3EI2S9wZC,xYn3EJiN9wkX,230183
xYn3EiiK9uw=,xYn3Ei+Q4w==,168287
xYn3EcCP9wti,xYn3EciL9wrU,168017
xYn3EhGM9wJm,xYn3EhiS9wJQ,165326
xYn3E26Q9wSm,xYn3E3aM9wRZ,165048
xYn3EpKN9wZE,xYn3EpqJ9wXo,165525
wYn3A1z3V9s=,wYn3A1739Vo=,140599
wYn3Bpn36Og=,wYn3Bp332ik=,231422
wYn3ART3DEU=,wYn3ARf4AYQa,235468
wYn3CB34AVuE,wYn3CCD3cjo=,143124
wYn3CLb4AU4m,wYn3CLr4AT9e,231385
wYn3B0/4AU60,wYn3B1P4AT/w,235823
wYn3CcP4AYag,wYn3Ccb3Hwg=,114218
wYn3CWH3WQE=,wYn3CWX3Sjk=,231276
wYn3CGP3/eA=,wYn3CGf37x4=,227277
wYn3CyL3Wu8=,wYn3CyP4ATWe,91751
wYn3Cm33z64=,wYn3CnH3wNs=,225413
wYn3EGf4AWi7,wYn3EGv4AVnx,218811
wYn3DH74AWHx,wYn3DIL4AVND,230030
wYn3EKf3fA4=,wYn3EKv3bTQ=,228013
wYn3ESb3KX0=,wYn3ESr3Gp8=,227591
wYn3C+z3dw4=,wYn3C/D3aC8=,237442
wYn3Ezz4AYU/,wYn3E0D4AXZr,229981
w4n3BASQhvu2jQ==,w4n3BA2MhvwyjA==,475205
w4n3BFaOhvYqjg==,w4n3BF+KhvdGjQ==,467468
wYn3EN74ATOC,wYn3EOL4ASS5,224556
w4n3BxSMhvzokQ==,w4n3BxeNhvnJiQ==,174402
wYn3E4T3e4s=,wYo=,226946
w4n3D7CLhv7xkA==,w4n3D7OMhvuWjg==,167955
xYn3BAmQ9wU5,xYn3BBSL9wgY,226796
xYn3BDeM9wKa,xYn3BD6S9wIf,176097
xYn3BjSL9wUN,xYn3BjuR9wSn,172244
xYn3BzuS9nQ=,xYn3B0ON9wuP,167449
xYn3CRqN9wKV,xYn3CSKJ9wIZ,172345
wYn3A1739Vo=,wYn3A2L35pY=,223261
xYn3CWaM9wmz,xYn3CW2S9wlm,169890
wYn3B1P4AT/w,wYn3B1f4ATE+,230187
wYn3CyP4ATWe,wYn3Cyf4ASbm,227348
w4n3BF+KhvdGjQ==,w4n3BGSShvu0jQ==,325837
wYn3CGf37x4=,wYn3CGv34FM=,234087
w4n3BxeNhvnJiQ==,w4n3Bx2Lhv4Mig==,317930
xYn3BBSL9wgY,xYn3BBuR9wed,172504
xYn3BD6S9wIf,xYn3BEaO9wGY,167008
wYn3A2L35pY=,wYn3A2b319M=,225454
xYn3BBuR9wed,xYn3BCON9wd8,169842
wYn3EOL4ASS5,wYn3EOb4ARX3,224758
wYn3C/D3aC8=,wYn3C/T3WXY=,227783
wYn3EOb4ARX3,wYn3EOr4AQc4,227340
wYn3C/T3WXY=,wYn3C/j3SqQ=,227147
wYn3C/j3SqQ=,wYn3C/z3O90=,230603
