rYk=,rYs=,1041
von3DDSJ,von3DWyQ,1677385
von3ERaM,von3Ek6P,1675622
wInmEgTThQYdCE3AgAD/AP8A/wD/KyZoAAE=,wIn2eBIGL3i+grJBgIAA/wD/AP8A/zdNVwAB,138504
wIn3Ad0SGHfsZ2ODRAD/gAD/AP8A/wD/2sPXAAE=,wIn3Ag0SGuewtyXUTwD/gAD/AP8A/wD/8IzAAAE=,252332
wIn3AucSJhbd5/0pQgD/gAD/AP8A/wFUi4sAAQ==,wIn3AxgSKI1fBwTlQAD/gAD/AP8A/wFqkLEAAQ==,258630
wIn3BWgSRt9j79s2RAD/gAD/AP8A/wJ5po0AAQ==,wIn3BZgSSVXgXEuwSAD/gAD/AP8A/wKPq4kAAQ==,254181
wIn3A+cSMyu1Vyv9TAD/gAD/AP8A/wHJgIUAAQ==,wIn3BBcSNaIptgbiTgD/gAD/AP8A/wHfhTkAAQ==,252912
wIn3Ck8ShygS4EkdQAD/gAD/AP8A/wS4ZMQAAQ==,wIn3CmoSiIECLGNuQAD/gAD/AP8A/wTEcLkAAQ==,142761
wIn3BsgSWOkWvb/3QAD/gAD/AP8A/wMa6/4AAQ==,wIn3BvgSW1+Z/M8sTAD/gAD/AP8A/wMw8TcAAQ==,253980
wIn3DUsSrj5nCpfQQAD/gAD/AP8A/wYV3FEAAQ==,wIn3DZESsdJ+6GheSAD/gAD/AP8A/wY12tQAAQ==,369764
wIn3DgsSuBhgdAkRSAD/gAD/AP8A/wZt8IYAAQ==,wIn3DlESu6x/s6K9QAD/gAD/AP8A/waN70sAAQ==,369289
wIn3CsoSjW37IeZ2QAD/gAD/AP8A/wTwerIAAQ==,wIn3CvoSj+QYmNMgQAD/gAD/AP8A/wUGfF0AAQ==,253921
wIn3C4oSl0ez5WbpSAD/gAD/AP8A/wVIjKUAAQ==,wIn3C9ASmtvH9bDVQAD/gAD/AP8A/wVoiwYAAQ==,370563
wIn3DmsSvQVu/70PSAD/gAD/AP8A/waZ+0AAAQ==,wIn3DpsSv3vmuZZHQAD/gAD/AP8A/wawAP8SAAE=,252330
wIn3D9ISz2BP2kE3SAD/gAD/AP8A/wc+Fn8AAQ==,wIn3D+wS0LlAC2woSAD/gAD/AP8A/wdKInwAAQ==,138011
wIn3EBwS0y+7r24XSAD/gAD/AP8A/wdgJ3EAAQ==,wIn3EFwS1nLhrTzyQAD/gAD/AP8A/wd9UkAAAQ==,338430
wYmT9ysF,wYmV983d,135243
wIn3D1wSyVWS2Yv3QAD/gAD/AP8A/wcIEZQAAQ==,wIn3D4wSy8wrrswiSAD/gAD/AP8A/wceF44AAQ==,254169
wYmf9xo/,wYmh970n,141783
wYnl915k,wYnp91ja,227856
wYny+AEsJw==,wYn190gs,137210
wYnO+AFd+g==,wYnR93of,141142
wYn2bvgBJcI=,wYn2cvgBG3s=,224729
wYn2ifcBvw==,wYn2jPgBfig=,234427
wYn3AU/3tV0=,wYn3AVP3pok=,227174
wYn2lve/xw==,wYn2mve1ng==,233644
wYn3AXf3ISY=,wYn3AXv3Elk=,227470
wYn3AVv3iOA=,wYn3AV/3eg4=,240477
wYn3AWv3TYc=,wYn3AW/3PrQ=,221129
wYn3AX/3A5E=,wYn3AYL4AXth,232035
wYn3AZr4ASL5,wYn3AZ74ARRS,227145
wYn3AY74AU81,wYn3AZL4AUBo,229274
wYn3Acr3cZs=,wYn3Ac73Ytk=,234041
wYn3AaT3WVc=,wYn3Aaj3Sow=,229171
wYn3AfH4AWRI,wYn3AfX4AVVr,225236
wYn3Ahf3MwQ=,wYn3Ahn30H4=,141520
wYn3AiH3svU=,wYn3AiX3pD4=,237229
wYn3Ai74AWEf,wYn3AjH3d9c=,139512
wYn3Afn4AUay,wYn3Af34ATf1,224105
wYn3AjX3aRA=,wYn3Ajn3WjA=,231230
wYn3Alz4AVu/,wYn3AmD4AUzu,224558
wYn3AkH3PIY=,wYn3AkX3LbY=,235325
wYn3Aqz3NB4=,wYn3ArD3JVs=,231454
wYn3Arj3B6Q=,wYn3Ar3306M=,320125
wYn3Asv4AUSV,wYn3As/4ATXn,230202
wYn3Auv3zpY=,wYn3Au/3v8c=,237631
wYn3Av/3hLY=,wYn3AwP3dds=,224175
wYn3Awf3Zxw=,wYn3Awv3WFc=,224733
wYn3Aw/3SYs=,wYn3AxP3Ors=,234010
wYn3Azr4AS2+,wYn3Azz3gZs=,88447
wYn3Atv4AQmN,wYn3At/3+ts=,231309
wYn3Axf3K+0=,wYn3Axv3HR0=,239037
wYn3ChL3nHI=,wYn3Chb3jaY=,222621
wYn3Cen3VaI=,wYn3Ce74ASF7,330901
wYn3Cf33C6A=,wYn3CgL315Y=,325687
wYn3Cjz3phs=,wYn3CkH4AXG6,310096
wYn3Cln4ARl4,wYn3Cl34AQq0,234418
wYn3Cnf4AU9S,wYn3Cnv4AUCm,236702
wYn3CmT3EmA=,wYn3Cmj3A7A=,232148
wYn3Cpf32U4=,wYn3Cpv3yoo=,235888
wYn3CrT4AUxJ,wYn3Crf3Yvg=,143009
wYn3Cqf3njc=,wYn3Cqv3j3s=,230191
wYn3Cuj3jEw=,wYn3Cur4ASmm,136187
wYn3Ctb4AXNF,wYn3Ctr4AWSR,232998
wYn3Cr/3RVY=,wYn3CsP3NpU=,242740
wYn3CwT3JPo=,wYn3Cwb3wnI=,134554
wYn3CxL3ljo=,wYn3Cxb3h2A=,237700
wYn3Cvb3/X8=,wYn3Cvr37sk=,229136
wYn3CzL3H+8=,wYn3Czb3ERI=,235154
wYn3C0X4AVyl,wYn3C0n4AU3f,235285
wYn3Cz34AXog,wYn3C0H4AWtq,229919
wYn3C1X4ASGl,wYn3C1n4ARLw,243733
wYn3C134AQQm,wYn3C2H39Vk=,232852
wYn3C374AWhX,wYn3C4H3fxQ=,143217
wYn3C5n3Jlc=,wYn3C533F3k=,234087
wYn3C5H3Q98=,wYn3C5b4AQ/e,325363
wYn3C6L3448=,wYn3C6b31NU=,231233
wYn3C7T4AUWV,wYn3C7j4ATbI,232126
wYn3C9T3z5w=,wYn3C9j3wNg=,226760
wYn3C/z3O90=,wYn3C/34ARac,93864
wYn3DAn36kY=,wYn3DAz2rQ==,141244
wYn3DC33ZTU=,wYn3DC/4AQKy,137482
wYn3C8D4ARls,wYn3C8T4AQqu,226992
wYn3DBv4AUxZ,wYn3DB/4AT2Z,233630
wYn3DFP3fcc=,wYn3DFf3bwM=,225972
wYn3DFv3YD8=,wYn3DF/3UWk=,238083
wYn3DEf3qiw=,wYn3DEv3m1I=,232830
wYn3DG/3FmY=,wYn3DHP3B6I=,227019
wYn3DDv31pY=,wYn3DD/3x8k=,234675
wYn3DIL4AVND,wYn3DIj3mIM=,322111
wYn3DJT3bA4=,wYn3DJj3XVg=,222877
wYn3DIr4ATXN,wYn3DI74AScY,233110
wYn3DJ736/8=,wYn3DKL33Ts=,231790
wYn3DPX4AS0b,wYn3DPn4AR5d,229289
wYn3DQP3VMc=,wYn3DQf3oT4=,246909
wYn3DKb3zl8=,wYn3DKr3v4g=,236977
wYn3DRj3dY4=,wYn3DRr4ARLY,138844
wYn3DL73daY=,wYn3DMP4AUFh,324157
wYn3DST3SRM=,wYn3DSb35nw=,140405
wYn3DT73jdA=,wYn3DUL3fvA=,226879
wYn3DS73yNw=,wYn3DTL3uhg=,230583
wYn3DV/38ic=,wYn3DWP342s=,235249
wYn3DXH4AVRU,wYn3DXX4AUWX,231557
wYn3DX/3e+4=,wYn3DYH4ARlO,139619
wYn3DZ/3Bbo=,wYn3DaL4AX2l,230706
wYn3DbL4AUKy,wYn3DbX3WVo=,142927
wYn3DZX3z4M=,wYn3DZn3wMk=,230058
wYn3Dbn3SpM=,wYn3Db33O8I=,223364
wYn3DcX3Hhc=,wYn3Dcn3D1c=,235645
wYn3DeT4AS62,wYn3Dej4ASAC,226880
wYn3DfD4AQKS,wYn3DfT388k=,222617
wYn3Dfz31mo=,wYn3DgD3x6k=,235439
wYn3DgT3uN4=,wYn3Dgn4AYSA,324217
wYn3Dgz3m1w=,wYn3DhH4AWcZ,326751
wYn3Di33//k=,wYn3DjD3FmI=,141973
wYn3Dhz3YGM=,wYn3DiH4ASw+,329082
wYn3DjT3B5Y=,wYn3Djf4AX9w,233460
wYn3Dj/4AWH+,wYn3DkP4AVM/,231878
wYn3Dnz4AV7L,wYn3DoD4AVAa,233011
wYn3Dlf4AQls,wYn3Dlv3+q0=,224857
wYn3Dpf3HOY=,wYn3Dpv3Dho=,238332
wYn3Dov3SUc=,wYn3Do/3OoM=,227738
wYn3DqD32hs=,wYn3DqT3y1A=,233866
wYn3Dqr4AVnA,wYn3Dq74AUr+,233343
wYn3Drz3cp8=,wYn3DsD3Y/I=,222163
wYn3DnP3ohU=,wYn3Dnj4AW2f,320195
wYn3DrL4ATw5,wYn3Drj3gVw=,320128
wYn3Dsr35AE=,wYn3Ds731UU=,231268
wYn3DsT3VTs=,wYn3Dsj3Rnw=,232633
wYn3DuP4AWW5,wYn3Dub3fF4=,140036
wYn3Dv73I5Q=,wYn3DwL3FNc=,226070
wYn3Dtb3t6Q=,wYn3Dtv4AYMt,326283
wYn3Dw34AW8N,wYn3DxH4AWBG,225724
wYn3DyH4ASVg,wYn3DyX4ARaC,228068
wYn3Dy33+Os=,wYn3DzH36hs=,231519
wYn3Dxn4AULs,wYn3Dx34ATQp,228574
wYn3Dz/3EXI=,wYn3D0H3ruM=,136670
wYn3D0X3oBU=,wYn3D0n3kVU=,222939
wYn3D2735uA=,wYn3D3L32B0=,227210
wYn3D3T4AXUx,wYn3D3r3um8=,320113
wYn3D4j4AStw,wYn3D4z4ARzJ,235063
wYn3D4D4AUjj,wYn3D4b3jiA=,313872
wYn3D6z3pjI=,wYn3D7D3l1w=,232043
wYn3D5z34Yo=,wYn3D6D30qY=,239083
wYn3D7z3awE=,wYn3D8D3XEs=,232951
wYn3D8T3TYY=,wYn3D8j3Pr8=,232838
wYn3D9j3A54=,wYn3D9v4AXuA,238142
wYn3D+H3wNY=,wYn3D+P4AV4B,136891
wYn3EAX3O3M=,wYn3EAn3LM0=,236702
wYn3D+v4AUB4,wYn3D+/4ATG0,234580
wYn3EBH3Dzg=,wYn3EBP3rKw=,142196
wYn3EEL4AYIO,wYn3EEb4AQRq,210616
wYn3EDf3J64=,wYn3EDv3GO4=,232556
wYn3ECv3U+Y=,wYn3EC/3RTI=,224501
wYn3EEz3SWw=,wYn3EFD3Oqw=,225948
w4myi4b9w5A=,w4m4jIb61JA=,334834
wYn3EFj3HS8=,wYn3EFz3DmY=,230662
w4n2s42HWI4=,w4n2uY2G9buK,326409
w4n2lZKG9jSK,w4n2mYmG9fuL,171329
w4nEjob16ZA=,w4nHj4b9i4k=,175429
w4n3ASmLhvpGkQ==,w4n3AS+Jhv5Liw==,312586
w4n3ARGShvTOiw==,w4n3AReQhvjpig==,313009
w4n3AXiLhvhkkQ==,w4n3AX6JhvyGkQ==,322453
w4n3AU+MhvrCig==,w4n3AVKKhvaeig==,162067
w4n3A2+QhvlViQ==,w4n3A3KRhvXHlQ==,175282
w4n3A4SMhvdVjg==,w4n3A4qKhvtMig==,325107
w4n3AamQhvcIig==,w4n3AbKPhvhfjg==,487086
w4n3A9KShv2+kw==,w4n3A9iRhvdjjw==,331681
w4n3A6eMhvrflA==,w4n3A6+Shvucig==,484923
w4n3BGSShvu0jQ==,w4n3BGqRhvS6iw==,326673
w4n3BHOQhvXDig==,w4n3BHyMhvbDkA==,484899
w4n3BM6Jhv1Sjg==,w4n3BNGKhvpmkg==,173150
w4n3BOKPhv27kQ==,w4n3BOiOhvaqjA==,326372
w4n3BP+RhvyBig==,w4n3BQWQhvYCkQ==,323555
w4n3BQ6Mhvbxlg==,w4n3BRGMh4GR,158107
w4n3BTSNhvfMkg==,w4n3BTqLhvymkA==,318184
w4n3BVGPhviYiQ==,w4n3BVqLhvnPjA==,474557
w4n3BWOKhvrMig==,w4n3BWiShv7jjQ==,328911
w4n3BLyOhvtMjg==,w4n3BMKMh1iM,320676
w4n3BWuQhvu1jA==,w4n3BXGPhvT6ig==,323902
w4n3BXeNhvlBkQ==,w4n3BX2Lhv3xjg==,329414
w4n3BbGRhveXiQ==,w4n3BbePhvtzig==,309196
w4n3BcOMhvnZkw==,w4n3BcmKhv4ujA==,329253
w4n3Bc+Jhveakg==,w4n3BdSRhvwNjg==,321945
w4n3BeCOhvnjiQ==,w4n3BeaMhy6O,316121
w4n3AQONhvu/kA==,w4n3AQyJhvuekQ==,480231
w4n3Bf2QhvmMjA==,w4n3BgOOhv2tiQ==,321356
w4n3BhWJh22P,w4n3BhqShvh5kA==,321508
w4n3BjWMhvztkQ==,w4n3BjuLhvTViQ==,329188
w4n3BmaRhvoCjQ==,w4n3BmyPhv4UlQ==,323845
w4n3B5eShva2iw==,w4n3B52QhvsFkQ==,316288
w4n3B7eRh0uP,w4n3B72QhvgIjg==,326860
w4n3B+aOh86J,w4n3B+yNhvjulg==,328079
w4n3CBWMhvfGig==,w4n3CBiNhvSlig==,171001
w4n3CCGJhvVNjQ==,w4n3CCSJhv4mig==,164776
w4n3CDiMhvuaig==,w4n3CDuNhvgkkA==,178502
w4n3BkaRhv4okA==,w4n3BkmPhvqgjA==,145308
w4n3CFWOhvrqlQ==,w4n3CFuMh4iJ,315739
w4n3CGeJhvzhjw==,w4n3CG+Shv6IiQ==,497851
w4n3CISLhvymjQ==,w4n3CIqKhvWdig==,316579
w4n3CK2KhvnIjQ==,w4n3CLKShv5tkA==,312661
w4n3CMeOhvzfjA==,w4n3CNCKhv4gjQ==,482392
w4n3CNuRhvqDkg==,w4n3CN6ShvbLig==,162992
w4n3CPOLhvZBjA==,w4n3CPmJhvq+lw==,324476
w4n3CRaLhvlAjw==,w4n3CRmMhvZJjQ==,172852
w4n3CT+KhvTkjA==,w4n3CUSShvlfjw==,330467
w4n3CVaNhvu3kA==,w4n3CVyLh5eM,327300
w4n3CW2RhvTPjA==,w4n3CXOPhvj5jw==,330328
w4n3BZ2OhvlPiw==,w4n3BaaKhvozlA==,474893
w4n3CZ+Ohv4miw==,w4n3CaiKhyKU,485766
w4n3CEmRhv1MiQ==,w4n3CE+QhvZekw==,329279
w4n3CcKPhverkw==,w4n3CciPhvWXlg==,325299
w4n3DUuKhvVmiw==,w4n3DVCShvqZlQ==,336119
w4n3Ca6JhvfLkA==,w4n3CbaShvmoig==,484060
w4n3DWiMhvTijQ==,w4n3DW6Khvklkg==,323439
w4n3DXmRhvchjA==,w4n3DX+PhvwxkQ==,324595
w4n3DTaRhvVqjQ==,w4n3DTyPhvrgiQ==,327759
w4n3DY6NhvXDiQ==,w4n3DZSLhvqGjQ==,321998
w4n3DaKPh4aN,w4n3DaiOhvhxlg==,325823
w4n3Dd2Jhv4ojw==,w4n3DeKShvfqjg==,321742
w4n3DcWQhvZtjw==,w4n3DcuOhvrxiQ==,329871
w4n3DbeLhv7xkg==,w4n3Db+Rhv4Mkw==,466528
w4n3DfSNhvtikQ==,w4n3DfeOhvf2jQ==,164345
w4n3DmCPhvWqlg==,w4n3DmaNhvrvjQ==,330357
w4n3DnSShvR3iw==,w4n3DnqQhvjjkw==,320021
w4n3DoCOhv1WkQ==,w4n3DoaNhvcYig==,328509
w4n3DqaPhv4HlA==,w4n3DqyOhvfPkQ==,333409
w4n3DhSQhvZHjQ==,w4n3DhqOhvqEkw==,324284
w4n3DomNhyWN,w4n3DpKJh3uP,473934
w4n3DsOShvSUjQ==,w4n3DsmQhvmcjA==,329237
w4n3DvuLhvgfjg==,w4n3DwGJhv0fjg==,329711
w4n3Dx6LhvxilQ==,w4n3DySKhvXYkQ==,312514
w4n3Dq+MhvS+iQ==,w4n3DrWKhvpKjQ==,327371
w4n3D0eKhvzilg==,w4n3D02JhvW0jA==,323289
w4n3D4eMhzCK,w4n3D42Lhvk0kA==,329602
w4n3DtWNhvZcjA==,w4n3DtuLhvvYjw==,327685
w4n3D8ePhvktiQ==,w4n3D9COhvvEjA==,494579
w4n3D9yLhvn1jw==,w4n3D+KJhv6MkA==,308554
w4n3D/yLhvbcig==,w4n3EAKJhvtTjg==,328006
w4n3EDmPhv2kiQ==,w4n3EEKLhv4FjQ==,471219
w4n3EByNhv40ig==,w4n3ECKMhvZ1jw==,324400
xIn3AQGLhvUu,xIn3AcGRhvpT,813061
xIn3BVuShvab,xIn3BbyOhvth,407658
xIn3DU+Khv0T,xIn3DZ2Mhvrm,328788
xIn3CryPhvvD,xIn3Cx2MhvTC,408849
xIn3Dr+Lhv1y,xIn3Dx+Shvaa,409013
xIn3DJ+Rhvw2,xIn3DQCOhvU1,408844
xYnaiqw=,xYnekPcJpw==,105737
xIn3D+GLhvRm,xIn3EEGRhvk5,406186
xYnmjfaD,xYnuifcDWg==,163450
xIn3ET+MhvgA,xIn3EZ+Shvyj,409049
xYn2f5D3C7c=,xYn2h432/g==,173962
xYn28ZL3Amg=,xYn29o73Cxg=,105690
xYn2m4yh,xYn2pZH3BOs=,226744
xYn3AQWQ9wuB,xYn3AQ2M9wtf,173905
xYn3AVGQ9wcA,xYn3AVyL9woB,237052
xYn3ASeK9wEV,xYn3ASuQ9wjo,102913
xYn3AYaS9wMn,xYn3AY6O9wK2,172855
xYn3AcuL9wnt,xYn3AdKR9wmj,159200
xYn3AdqN9wji,xYn3AeKJ9wht,169248
xYn3AiGQ9wdv,xYn3AimM9wbq,171122
xYn3AgCN9wZr,xYn3AgqS9wkZ,229086
xYn3AjWP9wJ2,xYn3Aj2L9wIU,166727
xYn3AsWS9wQt,xYn3AtCN9waQ,227224
xYn3AtWK9wK9,xYn3AtyQ9wJ9,166053
xYn3AkyN9wEQ,xYn3AlaS9wNN,228224
xYn3AvOO9uI=,xYn3AvuK3Q==,169819
xYn3AyiP9wji,xYn3AzCL9whe,167602
xYn3AxmN9wpM,xYn3AyGJ9wmi,167039
xYn3Az+N9wcd,xYn3A0eK9wp2,168629
xYn3Bv+K9wRt,xYn3BwaQ9wQm,166671
xYn3BuOP9wla,xYn3BuiM9wWR,102813
xYn3B0uJ9wsb,xYn3B1KP9wre,172791
xYn3ByWK9wIe,xYn3ByyQ9wFJ,169967
xYn3B56P9wV/,xYn3B6aL9wT8,174012
xYn3B4+N9wZt,xYn3B5mS9wlr,230851
xYn3B72J9wMR,xYn3B8SP9wKC,164451
xYn3B/KK9wrH,xYn3B/mQ9wpM,171097
xYn3CAiS9wng,xYn3CBCO9wlA,163425
xYn3CD6K9wan,xYn3CEGJ9woM,66423
xYn3B3GJ9whh,xYn3B3iP9wf9,172479
xYn3CGSK9wRK,xYn3CGuQ9wOi,169345
xYn3CCeM9wgi,xYn3CC6S9weT,171076
xYn3CJmM9qY=,xYn3CKCR9wuo,167852
xYn3CNGNpA==,xYn3CNiS9wse,171295
xYn3CQOP9wRH,xYn3CQuL9wPV,160260
xYn3CSmP9wGu,xYn3CTGL9wFe,163246
xYn3CUOM9wO4,xYn3CUqS9wLx,169542
xYn3CVKO9wJy,xYn3CVeK9wqR,102599
xYn3CFSS9wU+,xYn3CFyO9wTI,173195
xYn3CYyM9wgI,xYn3CZOS9wfu,164687
xYn3CW2S9wlm,xYn3CXWO9wkd,169100
xYn3CbmS9wVZ,xYn3CcGO9wSQ,169483
xYn3Ch2N9uw=,xYn3CiKJ9wjf,106459
xYn3CgaP9wJq,xYn3Cg6L9wHo,167527
xYn3CjGL9wfe,xYn3CjiR9we0,169990
xYn3CmaN9wW9,xYn3Cm6J9wUk,170432
xYn3CkiJ9wcE,xYn3Ck+P9wbH,166686
xYn3CqaK9wTg,xYn3CqqR9wEO,101901
xYn3Cn2L9wR0,xYn3CoSR9wPr,170539
xYn3CueO9wky,xYn3Cu+K9wi+,170943
xYn3CxWK9wYo,xYn3CxyQ9wVZ,171708
xYn3Cz6J9waO,xYn3C0KQ9wKq,101623
xYn3C1GS9wGU,xYn3C1mO9uA=,171551
xYn3C7yL9wbO,xYn3C8OR9wYh,166623
xYn3C3eR9wsj,xYn3C4KN9wJ1,234216
xYn3C62J9wfy,xYn3C7eO9wpI,232569
xYn3C+KL9wQS,xYn3C+mR9wN2,166615
xYn3DDWQ9wql,xYn3DD2M9wn5,172221
xYn3DAiL9wG3,xYn3DA+R9wFE,172103
xYn3C86M9wjf,xYn3C9OJ9wUk,102269
xYn3DLKL9wZ6,xYn3DLaS9wJo,102773
xYn3DFSK9wix,xYn3DFuQ9wge,171307
xYn3DJCS9wVb,xYn3DJuN9whO,227800
xYn3DMGN9wUj,xYn3DMaK9wE6,102931
xYn3DM2Q9tY=,xYn3DNWMsQ==,166406
xYn3DOyJ9wng,xYn3DPOP9wlY,172104
xYn3DPuL9wj2,xYn3DQWM9wPp,223062
von3DWyQ,von3DqSQ,1675135
xYn3EOmK2A==,xYn3EPCQlA==,163023
wIn3Ag0SGuewtyXUTwD/gAD/AP8A/wD/8IzAAAE=,wIn3AicSHD2T++eJTQD/gAD/AP8A/wD//H13AAE=,137812
xYn3DSaP9wUg,xYn3DS6L9wS4,165726
wIn3BvgSW1+Z/M8sTAD/gAD/AP8A/wMw8TcAAQ==,wIn3BygSXdYhQqkrQAD/gAD/AP8A/wNG9pQAAQ==,252838
wIn3BZgSSVXgXEuwSAD/gAD/AP8A/wKPq4kAAQ==,wIn3Bd4STOnuYmVsSAD/gAD/AP8A/wKvqbQAAQ==,369111
wYn3AV/3eg4=,wYn3AWP3azo=,229491
wYn2jPgBfig=,wYn2kvfJ8Q==,325472
wYn3Ac73Ytk=,wYn3AdL3VBA=,233819
wYn3AW/3PrQ=,wYn3AXP3L/Y=,227024
wYn3Au/3v8c=,wYn3AvP3sP8=,235110
wYn3Af34ATf1,wYn3AgH4ASkw,224531
wYn3Ar3306M=,wYn3Ar/4AXDS,142895
wYn3Chb3jaY=,wYn3Chj4ASsD,143937
wYn3Axv3HR0=,wYn3Ax/3DkE=,240749
wYn3CkH4AXG6,wYn3CkT3iJE=,141649
wYn3Ce74ASF7,wYn3CfL4ARLH,230085
wYn3Cur4ASmm,wYn3Cu74ARsC,234369
wYn3Ctr4AWSR,wYn3Ct74AVXd,229457
wYn3Cnv4AUCm,wYn3Cn/4ATHa,233534
wYn3CgL315Y=,wYn3Cgb3yL4=,217587
wYn3C0n4AU3f,wYn3C0v3oeA=,89522
wYn3Cxb3h2A=,wYn3Cxr3eI8=,236296
wYn3Czb3ERI=,wYn3Czr3Ak0=,246310
wYn3C9j3wNg=,wYn3C9z3shU=,235169
wYn3DAz2rQ==,wYn3DA/4AXiU,224296
wYn3C/34ARac,wYn3DAH4AQfU,235131
wYn3DPn4AR5d,wYn3DP/3Y3s=,312836
wYn3DRr4ARLY,wYn3DSD3V+o=,320825
wYn3DB/4AT2Z,wYn3DCX3guA=,322021
wYn3DTL3uhg=,wYn3DTb3q1E=,223220
wYn3DF/3UWk=,wYn3DGT4AR1F,317297
wYn3DaL4AX2l,wYn3Dab4AW7p,226846
wYn3DUL3fvA=,wYn3DUb3cCY=,221477
wYn3Dej4ASAC,wYn3Der3c9w=,89712
wYn3DfT388k=,wYn3Dfr3OOY=,330453
wYn3Db33O8I=,wYn3DcH3LOs=,236824
wYn3Dcn3D1c=,wYn3Dc7322Y=,329039
wYn3Do/3OoM=,wYn3DpP3K7c=,227695
wYn3Dlv3+q0=,wYn3Dl/36/E=,234611
wYn3DkP4AVM/,wYn3Dkf4AUR+,226336
wYn3Dub3fF4=,wYn3Dur3bY0=,230494
wYn3Dtv4AYMt,wYn3Dt73mgI=,139170
wYn3DwL3FNc=,wYn3Dwb3BfU=,235410
wYn3DxH4AWBG,wYn3DxX4AVGL,229515
wYn3D9v4AXuA,wYn3D933z5Q=,93014
wYn3D4z4ARzJ,wYn3D5D4AQ4G,230451
w4n2uY2G9buK,w4n2v4yG96GV,345910
wYn3EDv3GO4=,wYn3ED/3CiI=,227488
w4n3AX6JhvyGkQ==,w4n3AYaPhv0/lg==,467652
w4n3AReQhvjpig==,w4n3ARqRhvSQlQ==,162431
w4n3A3KRhvXHlQ==,w4n3A3iPhvq6jA==,308199
w4n3A4qKhvtMig==,w4n3A5KQhvzGkA==,472149
w4n3BTqLhvymkA==,w4n3BUCKhvYDkQ==,322826
wYn3EBP3rKw=,wYn3EBf3neg=,234858
w4n3BbePhvtzig==,w4n3Bb2OhvVRiw==,320048
w4n3BmyPhv4UlQ==,w4n3BnKOhvckkA==,324017
w4n3B72QhvgIjg==,w4n3B8OOhvu8kA==,317015
w4n3B+yNhvjulg==,w4n3B/KLhv2TkQ==,328465
w4n3BMKMh1iM,w4n3BMiLhvi7kw==,330839
w4n3CDuNhvgkkA==,w4n3CEGLhvy8kQ==,311324
w4n3CG+Shv6IiQ==,w4n3CHWRhveYjA==,327878
w4n3CIqKhvWdig==,w4n3CJOJhvcDkQ==,481878
w4n3CLKShv5tkA==,w4n3CLiRhvcpkg==,322573
w4n3CNCKhv4gjQ==,w4n3CNaJhvaPiQ==,329084
w4n3CPmJhvq+lw==,w4n3CP6RhzuO,328926
w4n3CRmMhvZJjQ==,w4n3CSGShvYqig==,479901
w4n3BaaKhvozlA==,w4n3BamLhvdVig==,175602
w4n3DTyPhvrgiQ==,w4n3DUKOhvRNjA==,318897
w4n3DaiOhvhxlg==,w4n3Da6Mhv1zkg==,320908
w4n3AVKKhvaeig==,w4n3AVeShvuvjQ==,325279
w4n3DfeOhvf2jQ==,w4n3Df2MhvtjjQ==,322717
w4n3DySKhvXYkQ==,w4n3DyeKhv6ikw==,171742
w4n3D9COhvvEjA==,w4n3D9aNhvSjkg==,323491
w4n3D+KJhv6MkA==,w4n3D+eShvgOjg==,322326
w4n3DpKJh3uP,w4n3DpeShvgbiw==,327520
w4n3EAKJhvtTjg==,w4n3EAWKhvgFiw==,172820
w4n3ECKMhvZ1jw==,w4n3ECqShvfAig==,473021
w4n3BkmPhvqgjA==,w4n3BlKOhvumkQ==,473141
xYn3AY6O9wK2,xYn3AZaK9wIn,166668
xYn3AvuK3Q==,xYn3AwKP9wt+,172545
xYn3AzCL9whe,xYn3AzeR9we3,166448
xYn3AtyQ9wJ9,xYn3AuSM9wIP,164959
xYn3B1KP9wre,xYn3B1qL9wo4,173283
xYn3BwaQ9wQm,xYn3Bw6M9wOn,170105
xYn3B6aL9wT8,xYn3B62R9wRc,170582
xYn3B8SP9wKC,xYn3B8yL9wIB,167415
xYn3B3iP9wf9,xYn3B4CL9weD,163560
xYn3CC6S9weT,xYn3CDmN9wpS,224678
xYn3CEGJ9woM,xYn3CE2M9wW2,275607
xYn3CKCR9wuo,xYn3CKiN9wse,163296
xYn3CNiS9wse,xYn3CN2P9wdk,102354
xYn3CcGO9wSQ,xYn3CceS9oo=,141660
xYn3Cg6L9wHo,xYn3ChKR9wnt,103293
xYn3CqqR9wEO,xYn3CrWM9wPm,230941
xYn3CjiR9we0,xYn3CkCN9wdF,165356
xYn3Cu+K9wi+,xYn3CvaQ9whj,166853
xYn3CoSR9wPr,xYn3Co+M9wbO,237073
xYn3C0KQ9wKq,xYn3C0qM9wHm,166913
xIn3Cx2MhvTC,xIn3C96Ohv5V,813627
xYn3C+mR9wN2,xYn3C/GN9wL0,171410
xYn3DD2M9wn5,xYn3DESS9wmD,168080
xYn3DNWMsQ==,xYn3DNyR9ws0,167049
xYn3C4KN9wJ1,xYn3C4qJ9wIR,165726
xYn3C9OJ9wUk,xYn3C9qP9wSh,170434
wIn3Bd4STOnuYmVsSAD/gAD/AP8A/wKvqbQAAQ==,wIn3BfgSTkLYwqRUQAD/gAD/AP8A/wK7tX0AAQ==,138212
wYn3AdL3VBA=,wYn3Adb3RUQ=,220665
xYn3EPCQlA==,xYn3EPuL9wKq,238732
wYn3AgH4ASkw,wYn3AgX4ARpg,221028
xYn3DS6L9wS4,xYn3DTWR9wRx,166131
wYn3C0v3oeA=,wYn3C0/3kww=,236802
wYn3Ar/4AXDS,wYn3AsP4AWIZ,234452
wYn3Chj4ASsD,wYn3Chz4ARxU,225352
wYn3DUb3cCY=,wYn3DUr3YXE=,224855
wYn3DGT4AR1F,wYn3DGf3M90=,144087
wYn3Dt73mgI=,wYn3Dt/4AXR4,90540
wYn3Dl/36/E=,wYn3DmP33Rw=,226259
w4n2v4yG96GV,w4n2wo2G+AiM,170464
w4n3BUCKhvYDkQ==,w4n3BUiQhvbelA==,461540
w4n3BnKOhvckkA==,w4n3BniMhv0okA==,318128
w4n3B8OOhvu8kA==,w4n3B8mMh5eL,326127
w4n3B/KLhv2TkQ==,w4n3B/WMhvpoiQ==,173068
w4n3CSGShvYqig==,w4n3CSeQhvt0jA==,323859
w4n3Da6Mhv1zkg==,w4n3DbGNhvp4kw==,169275
wYn3Dur3bY0=,wYn3Du73Xr4=,232219
wYn3D5D4AQ4G,wYn3D5T3/0E=,235689
w4n3EAWKhvgFiw==,w4n3EA2Qhvmaiw==,480388
xYn3AwKP9wt+,xYn3AwqL9wsF,163517
w4n3Df2MhvtjjQ==,w4n3DgOKh02N,329365
xYn3Bw6M9wOn,xYn3BxWS9wMq,168836
w4n3BlKOhvumkQ==,w4n3BliMh9iQ,328338
xYn3B1qL9wo4,xYn3B2SR9wEI,232968
xYn3B8yL9wIB,xYn3B9OR9wFv,165052
xYn3B4CL9weD,xYn3B4eR9wbc,169782
xYn3CrWM9wPm,xYn3CrqJsg==,106446
xYn3CN2P9wdk,xYn3COiK9woe,225335
xYn3Co+M9wbO,xYn3CpSJ9wKv,106425
xYn3CvaQ9whj,xYn3Cv6M9wfO,170786
xYn3DESS9wmD,xYn3DEyO9wks,165349
wIn3BfgSTkLYwqRUQAD/gAD/AP8A/wK7tX0AAQ==,wIn3Bg4ST2BqIwlvTAD/gAD/AP8A/wLFrqoAAQ==,115357
xYn3C4qJ9wIR,xYn3C46P9woV,105764
wYn3Adb3RUQ=,wYn3Adr3Nmo=,229107
wYn3AgX4ARpg,wYn3Agn4AQur,228717
wYn3AsP4AWIZ,wYn3Asf4AVNW,234665
wYn3Chz4ARxU,wYn3CiD4AQ2f,233555
wYn3DmP33Rw=,wYn3Dmf3zmY=,224554
w4n3B8mMh5eL,w4n3B8+LhvgrkA==,324640
w4n3CSeQhvt0jA==,w4n3CSqRhvhAjw==,168939
wYn3DGf3M90=,wYn3DGv3JR4=,226918
xYn3B9OR9wFv,xYn3B9uN9rU=,169236
xIn3C96Ohv5V,xIn3DD+Lhvd1,408828
xYn3CrqJsg==,xYn3CsGO9wtB,170711
xYn3CpSJ9wKv,xYn3Cp6O9wVY,232484
wIn3Bg4ST2BqIwlvTAD/gAD/AP8A/wLFrqoAAQ==,wIn3Bj4SUdby+cCERAD/gAD/AP8A/wLbtBUAAQ==,254981
xYn3C46P9woV,xYn3C5aL9wll,174319
wYn3Adr3Nmo=,wYn3Ad/4AQJh,331834
wYn3Agn4AQur,wYn3Ag33/Og=,229923
wYn3CiD4AQ2f,wYn3CiT3/so=,226109
w4n3B8+LhvgrkA==,w4n3B9WJhv1OiQ==,319975
wYn3Dmf3zmY=,wYn3Dmv3v4s=,227510
wYn3Dmv3v4s=,wYn3Dm/3sNc=,229828
w4n3DgOKh02N,w4n3DguRhvWnkQ==,488926
